task_id,where,priority,latency
t0,edge,normal,0.625
t1,edge,normal,0.9833333333333333
t2,edge,normal,1.3416666666666666
t3,edge,normal,1.7
t4,edge,normal,2.0583333333333336
t5,edge,normal,2.6833333333333336
t16,cloud,urgent,0.6400000000000006
t17,cloud,urgent,0.6400000000000006
t6,edge,normal,3.0416666666666665
t7,edge,normal,3.6666666666666665
t8,edge,normal,4.025
t9,edge,normal,4.383333333333333
t10,edge,normal,4.741666666666667
t11,edge,normal,5.366666666666667
t13,edge,normal,5.458333333333332
t15,edge,normal,5.549999999999999
t18,edge,normal,5.374999999999999
